TIME,HOME TEAM,AWAY TEAM,HOME ODD,DRAW ODD,AWAY ODD,BOOKMAKER
18:00,Bursaspor,Golcukspor,1.53,4.1,4.8,BETPAWA
18:00,SV Heimstetten,TSV Dachau,1.87,3.75,3.3,BETPAWA
18:00,Eintracht Frankfurt,Sparta Prague,1.15,6.75,12.0,BETPAWA
18:00,Paris FC,VfL Wolfsburg,3.8,4.1,1.69,BETPAWA
18:30,CD Alba Fundacion,Rayo Vallecano,1.29,4.7,8.5,BETPAWA
19:00,Blackpool,Liverpool FC U21,1.17,6.5,10.0,BETPAWA
19:00,Morecambe FC,Barrow AFC,2.6,3.2,2.5,BETPAWA
19:00,Carlisle United,Nottingham Forest FC U21,1.46,4.35,5.25,BETPAWA
19:00,Tranmere Rovers FC,Leicester City U21,1.5,4.45,4.7,BETPAWA
19:00,Wigan Athletic,Fleetwood Town,2.11,3.5,2.95,BETPAWA
19:00,Lincoln City,Wolverhampton Wanderers FC U21,1.51,4.2,4.9,BETPAWA
19:00,Notts County,Derby County,3.1,3.55,2.02,BETPAWA
19:00,Walsall FC,Forest Green Rovers,2.07,3.4,3.1,BETPAWA
19:00,Charlton Athletic,Aston Villa FC U21,1.24,5.75,7.5,BETPAWA
19:00,Stevenage FC,Wycombe Wanderers,1.92,3.4,3.5,BETPAWA
19:00,Reading FC,Swindon Town,1.52,4.2,4.8,BETPAWA
19:00,Mansfield Town,Doncaster Rovers,1.4,4.35,6.25,BETPAWA
19:00,CS Italiano,Yupanqui,1.57,3.8,4.9,BETPAWA
19:00,Berazategui,CA Atlas,2.04,3.2,3.35,BETPAWA
19:00,CA Claypole,Ferrocarril Midland,2.03,3.05,3.55,BETPAWA
19:00,Justo Jose de Urquiza,CSD San Martin,2.05,3.4,3.15,BETPAWA
19:00,CSD Liniers,CSCD Laferrere,2.8,2.95,2.45,BETPAWA
19:00,Real Pilar FC,CA Victoriano Arenas,1.35,4.2,7.75,BETPAWA
19:00,Club Lujan,CDM Leandro N. Alem,1.69,3.2,5.0,BETPAWA
19:00,CA Central Cordoba Rosario,Excursionistas,3.4,2.95,2.15,BETPAWA
19:00,Deportivo Espanol,CA Puerto Nuevo,2.7,3.15,2.45,BETPAWA
19:00,Valur Reykjavik,SKN St. Polten,3.1,3.45,2.05,BETPAWA
19:15,Exeter City,Arsenal FC U21,4.5,4.25,1.55,BETPAWA
19:30,Grimsby Town,Bradford City,3.05,3.2,2.18,BETPAWA
19:30,Crewe Alexandra,Wrexham AFC,3.0,3.6,2.04,BETPAWA
19:30,Salford City,Stockport County FC,3.6,3.6,1.83,BETPAWA
19:30,Cheltenham Town,Newport County,2.4,3.35,2.6,BETPAWA
19:30,Argentino de Rosario,Deportivo Muniz,1.46,3.7,6.75,BETPAWA
19:45,Port Vale,Newcastle United FC U21,1.21,5.75,9.25,BETPAWA
19:45,Harrogate Town,Accrington Stanley,2.35,3.35,2.65,BETPAWA
19:45,Sutton United,Crawley Town,2.14,3.45,2.9,BETPAWA
19:45,Portsmouth FC,Gillingham FC,1.32,4.9,6.75,BETPAWA
19:45,Galway United FC,Waterford FC,1.6,4.2,4.2,BETPAWA
20:00,Manchester United WFC,Paris Saint-Germain,2.1,3.25,3.15,BETPAWA
21:00,CA San Lorenzo de Almagro,San Martin de San Juan (n),1.62,3.4,5.25,BETPAWA
12:00,CA Belgrano,Boca Juniors,2.45,2.8,3.0,BETPAWA
12:00,Barra FC SC,Concordia AC SC,3.1,3.55,2.0,BETPAWA
01:00,Imbabura Sporting Club,CSD Vargas Torres,1.41,4.3,6.0,BETPAWA
01:30,ABC FC RN,Mirassol FC SP,4.0,2.9,2.0,BETPAWA
02:00,CD Alianza Petrolera,CA Bucaramanga,2.01,3.3,3.5,BETPAWA
011:00,FC Metalist Kharkiv,FC Prykarpattya Ivano-Frankivsk,2.95,3.2,2.2,BETPAWA
011:00,Yokohama Marinos,Urawa Red Diamonds,1.96,3.7,3.35,BETPAWA
011:00,Avispa Fukuoka,Nagoya Grampus,2.8,2.95,2.6,BETPAWA
011:00,Eynesil Belediyespor,Erbaaspor,2.8,3.25,2.3,BETPAWA
011:00,Kastamonuspor,Sebat Genclik Spor,1.49,4.1,5.25,BETPAWA
011:00,Zonguldak Komurspor,Tokat Belediye Plevne Spor,1.44,4.3,5.5,BETPAWA
011:30,SSD Napoli,SSD FC Como,2.45,3.45,2.5,BETPAWA
011:30,Parma Calcio,Sassuolo Calcio,5.0,4.1,1.52,BETPAWA
12:00,Menemenspor AS,Bursa Yildirim Spor,1.56,3.7,5.25,BETPAWA
12:00,Etimesgut Belediyespor,Mardin 1969 Spor,1.61,3.7,4.7,BETPAWA
12:00,AS Sariyer,Karabuk Idmanyurdu Spor,1.39,4.45,6.25,BETPAWA
12:00,Usakspor,Aliaga Futbol,1.94,3.3,3.5,BETPAWA
12:00,Arnavutkoy Belediyesi Genclik Ve Spor,Silivrispor,1.61,3.7,4.7,BETPAWA
12:00,Sapanca Genclikspor,Talasgucu Belediyespor,2.1,3.25,3.15,BETPAWA
12:00,Serik Belediyespor,Arguvan Belediye Spor,1.27,4.65,9.5,BETPAWA
12:00,Nazilli Belediyespor,Hacettepe 1945 SK,1.25,5.0,9.25,BETPAWA
13:00,Wigan Athletic U21,Crewe Alexandra U21,1.28,5.75,6.75,BETPAWA
13:00,FC Banik Ostrava U19,1 FC Slovacko U19,1.48,4.7,4.7,BETPAWA
14:00,MSK Povazska Bystrica,1. FC Tatran Presov,3.05,3.4,2.09,BETPAWA
14:00,NK BSK Bijelo Brdo,HNK Vukovar 1991,2.8,3.2,2.3,BETPAWA
14:00,Germany U19,Kazakhstan U19,1.01,12.0,29.0,BETPAWA
14:00,Finland U19,Romania U19,2.95,3.45,2.13,BETPAWA
14:00,Wales U19,Austria U19,4.8,3.95,1.58,BETPAWA
14:00,ASD Pomigliano,Sampdoria Genoa,2.09,3.45,3.0,BETPAWA
14:00,Hellas Verona,AC Milan,18.0,6.75,1.1,BETPAWA
14:00,Diagoras Rhodes,Panaitolikos Agrinio,5.0,3.9,1.55,BETPAWA
14:00,SK Unicov,FC Zlin,5.25,4.1,1.49,BETPAWA
14:00,ZFK Spartak,FC Rosengaard Malmo,2.7,3.55,2.23,BETPAWA
14:00,Ternana,ACF Fiorentina,12.0,6.75,1.14,BETPAWA
14:05,Al-Rustaq,AL Nasr SC (OMA),2.35,2.75,3.25,BETPAWA
14:15,OFK Banik Lehota Pod Vtacnikom,FC Spartak Trnava,14.0,10.0,1.07,BETPAWA
14:30,SK Sparta Kolin,Bohemians Prague 1905,11.0,7.0,1.14,BETPAWA
14:30,NK Brinje Grosuplje,Nafta 1903 Lendava,2.3,3.35,2.7,BETPAWA
15:00,Al Tora,Al Yarmouk,2.85,3.1,2.35,BETPAWA
15:00,Ireland U19,Scotland U19,2.4,3.4,2.6,BETPAWA
15:00,North Macedonia U19,Poland U19,7.0,5.25,1.31,BETPAWA
15:30,Denizlispor,Burhaniye Bld,1.11,7.0,15.0,BETPAWA
16:00,Latvia U19,Hungary U19,2.75,3.5,2.22,BETPAWA
16:00,CA Osasuna,SE Aem,2.75,3.3,2.3,BETPAWA
16:00,Oviedo Moderno,Cdef Logrono,3.25,3.6,1.94,BETPAWA
16:40,Al-Seeb,Sur SC,1.36,3.9,9.0,BETPAWA
17:00,FK Viktoria Zizkov,SK Sigma Olomouc,5.0,4.2,1.49,BETPAWA
17:00,England U19,Montenegro U19 (n),1.25,5.25,9.25,BETPAWA
17:00,Serbia U19,Italy U19,4.0,3.8,1.69,BETPAWA
17:30,Hacken Gothenburg,FC Twente Enschede,3.2,3.65,1.94,BETPAWA
18:00,Afjet Afyonspor,Adana 1954 FK,1.44,4.1,6.0,BETPAWA
18:00,Cordoba CF,CD Juan Grande,4.7,3.75,1.6,BETPAWA
18:30,Le Mans FC,FC Rouen,2.15,3.15,3.3,BETPAWA
18:30,CD Pradejon,Atletico Lugones,1.84,3.75,3.75,BETPAWA
18:30,US Avranches,FC Martigues,2.85,3.3,2.35,BETPAWA
18:30,Altonaer FC Von 1893,SV Rugenbergen 1925,1.06,9.5,19.0,BETPAWA
18:30,L Entregu CF,UD Logrones,4.9,3.85,1.58,BETPAWA
18:30,Balears FC,Granada CF,14.0,5.75,1.16,BETPAWA
18:45,Olaria RJ,AA Portuguesa RJ,3.25,3.25,2.05,BETPAWA
19:00,Sao Paulo FC SP U20,Ibrachina FC SP U20,1.57,3.9,4.8,BETPAWA
19:00,Cp Mijas-Las Lagunas,Chiclana CF,2.45,3.2,2.8,BETPAWA
19:00,Desportivo Brasil SP U20,Mirassol FC SP U20,4.3,4.1,1.6,BETPAWA
19:00,Gremio Novorizontino U20,AA Internacional Limeira SP U20,1.65,3.7,4.4,BETPAWA
19:00,Botafogo FC SP U20,Oeste FC SP U20,1.48,3.85,6.0,BETPAWA
19:00,SE Palmeiras SP U20,Associacao Portuguesa de Desportos SP U20,1.63,3.7,4.6,BETPAWA
19:00,Real Madrid,Vaalerenga Oslo,1.07,8.5,20.0,BETPAWA
19:00,SC Corinthians SP U20,EC Agua Santa U20,1.49,4.2,5.25,BETPAWA
19:00,FC Zurich,AFC Ajax,6.5,4.2,1.41,BETPAWA
19:00,CF Badalona Futur,SD Ejea,1.43,4.3,6.0,BETPAWA
19:30,CD Huarte,Beti Kozkor KE,1.63,3.45,5.0,BETPAWA
19:30,CD Guadalajara,CF Talavera de La Reina,3.35,3.4,1.99,BETPAWA
19:30,Real Union de Tenerife Tacuense,RCD Espanyol Barcelona,5.5,4.4,1.44,BETPAWA
19:30,CD San Roque,UD Torre Del Mar,1.7,3.65,4.3,BETPAWA
19:35,Glasgow City Lfc,SK Brann,2.4,3.65,2.45,BETPAWA
19:45,Wales,Gibraltar,1.02,11.0,45.0,BETPAWA
19:45,Asd Pineto Calcio,Delfino Pescara,3.4,3.7,1.86,BETPAWA
19:45,ACR Messina,Casertana FC,2.5,3.05,2.7,BETPAWA
20:00,SO Cholet,US Orleans,2.35,3.1,3.0,BETPAWA
20:00,LB Chateauroux,Sochaux-Montbeliard,2.35,3.05,3.05,BETPAWA
13:30,Karlsruher SC,Strasbourg Alsace,2.65,3.55,2.3,BETPAWA
14:00,Lazio Rome,Inter Milano,10.0,5.5,1.2,BETPAWA
14:00,FC Muza,Forest Rangers,1.81,3.1,4.5,BETPAWA
14:00,SCR Altach,FC Dornbirn,1.31,5.0,7.0,BETPAWA
14:30,Qizilqum Zarafshon,AGMK FC,2.9,3.25,2.23,BETPAWA
15:00,Afghanistan,Mongolia,1.27,4.7,9.5,BETPAWA
15:00,UD Collerense,CD Binissalem,2.7,3.2,2.4,BETPAWA
15:00,Georgia U21,Netherlands U21,5.25,4.1,1.51,BETPAWA
15:00,Azerbaijan U21,Northern Ireland U21,2.5,3.25,2.55,BETPAWA
15:00,FC Viktoria Marianske Lazne,FC Viktoria Plzen,30.0,10.0,1.02,BETPAWA
15:00,Ucd Burlades,Pena Sport FC,2.35,3.2,2.75,BETPAWA
15:00,Colombe FC,Pwd Bamenda,2.24,2.85,3.25,BETPAWA
15:30,Turegano CF,CD Santurtzi Ke,2.6,3.5,2.6,BETPAWA
16:00,CF Tardienta,CD Zirauki,1.73,3.95,4.0,BETPAWA
16:00,UE Rubi,UD Rotlet Molinar,1.59,4.0,5.0,BETPAWA
16:00,Condal Club,UD Gijon Industrial,2.23,3.25,2.9,BETPAWA
16:00,CF Trujillo,Atletico Club Pueblonuevo,2.02,3.25,3.35,BETPAWA
16:00,Real Titanico FC,Urraca CF,2.22,3.15,3.0,BETPAWA
16:00,SD Beasain,CD Derio,1.27,5.25,8.0,BETPAWA
16:00,Ethiopia Nigd Bank,Hadiya Hossana FC,3.2,2.95,2.24,BETPAWA
16:00,SD Lagunak,CD Cortes Navarre,2.7,3.15,2.45,BETPAWA
16:00,Romania U20,England U20,5.75,4.4,1.42,BETPAWA
16:30,CD Quintanar,Union Zona Norte,1.95,3.65,3.4,BETPAWA
16:30,CD Monte,CD Boiro,3.15,3.55,2.08,BETPAWA
16:30,UD Ourense,Csd Arzua,1.3,4.6,8.5,BETPAWA
16:30,First Vienna FC,SK Rapid Wien,6.0,4.7,1.37,BETPAWA
17:00,Latvia,Armenia,4.2,3.45,1.89,BETPAWA
17:00,Georgia,Thailand,1.18,6.5,13.0,BETPAWA
17:00,Russia,Cameroon,2.12,3.3,3.2,BETPAWA
17:00,Karsiyaka,Bigaspor,1.2,5.75,10.0,BETPAWA
17:00,Slovakia U21,Poland U21,2.6,3.35,2.45,BETPAWA
17:00,Montenegro,Lebanon,1.38,4.4,7.5,BETPAWA
17:00,United Arab Emirates,Kuwait,1.51,3.7,6.5,BETPAWA
17:00,Bahrain,Kyrgyzstan,1.57,3.9,5.25,BETPAWA
17:00,Egypt,Zambia (n),1.64,3.65,4.9,BETPAWA
17:00,Pontevedra CF B,UD Barbadas,2.35,3.1,2.85,BETPAWA
17:00,CA Arteixo,Viveiro CF,1.97,3.35,3.4,BETPAWA
17:00,CD San Ignacio,CD Anaitasuna,2.8,3.2,2.35,BETPAWA
17:00,Norway U20,Czech Republic U20,2.14,3.4,2.95,BETPAWA
17:00,Club Portugalete,Urduliz Ft,1.64,3.6,4.7,BETPAWA
17:00,Scd Durango,SD Leioa,2.55,3.15,2.55,BETPAWA
17:30,CF Lorca Deportiva,UD Caravaca,1.27,5.25,8.0,BETPAWA
17:30,FC Bidezarra,CD Cantolagua,2.45,3.2,2.65,BETPAWA
17:30,Moralo CP,SP Villafranca,1.92,3.3,3.6,BETPAWA
17:30,Jerez CF,CD Don Alvaro,1.6,3.7,4.8,BETPAWA
18:00,Yemen,Sri Lanka,1.11,6.5,19.0,BETPAWA
18:00,Sweden,Moldova,1.18,6.5,14.0,BETPAWA
18:00,Chievo Verona Calcio Femminile,Juventus Turin,23.0,11.0,1.02,BETPAWA
18:00,Jitex Molndal BK,Lidkopings FK,1.91,4.1,3.05,BETPAWA
18:30,Luxembourg U21,Ukraine U21,14.0,6.5,1.15,BETPAWA
19:30,Austria U21,Norway U21,2.1,3.45,3.05,BETPAWA
19:45,Spain,Scotland,1.28,5.5,10.0,BETPAWA
19:45,Cyprus,Norway,17.0,7.25,1.16,BETPAWA
19:45,Croatia,Turkiye,1.68,4.0,6.0,BETPAWA
19:45,Albania,Czech Republic,3.4,3.1,2.3,BETPAWA
19:45,Faroe Islands,Poland,10.0,4.8,1.33,BETPAWA
19:45,Andorra,Kosovo,8.0,4.2,1.44,BETPAWA
19:45,Belarus,Romania (n),6.25,3.9,1.56,BETPAWA
19:45,England U21,Serbia U21,1.29,4.9,8.0,BETPAWA
19:45,University College Dublin,Bohemians Dublin FC,16.0,7.0,1.14,BETPAWA
20:00,Sint Maarten,Saint Kitts and Nevis,4.6,3.95,1.58,BETPAWA
20:00,Algeria,Cape Verde (n),1.4,4.2,7.5,BETPAWA
21:00,EC Sao Luiz RS,EC Sao Jose RS,2.12,3.1,3.25,BETPAWA
21:30,Colombia,Uruguay,2.16,3.2,3.5,BETPAWA
22:00,Dominica,"Virgin Islands, British",1.26,5.25,8.5,BETPAWA
23:00,Suriname,Haiti,2.7,3.1,2.45,BETPAWA
23:30,Avai FC SC,Joinville EC SC,2.01,3.5,3.1,BETPAWA
12:00,Bolivia,Ecuador,4.6,3.6,1.77,BETPAWA
12:00,Argentina,Paraguay,1.24,5.75,12.0,BETPAWA
12:00,Grenada,Jamaica,19.0,7.25,1.1,BETPAWA
12:00,Bonaire,Anguilla,1.24,5.5,8.75,BETPAWA
12:00,Michigan Stars FC,Los Angeles Force,1.96,3.2,3.6,BETPAWA
12:06,Queretaro FC,Pumas Unam,2.8,3.3,2.3,BETPAWA
01:00,Chile,Peru,1.68,3.45,5.5,BETPAWA
01:00,Saint Lucia,Guadeloupe,5.75,3.95,1.48,BETPAWA
01:00,Deportivo Toluca FC,Atlas FC,2.14,3.7,2.75,BETPAWA
01:30,Brazil,Venezuela,1.09,9.25,26.0,BETPAWA
02:00,Cuba,Honduras,5.75,3.7,1.52,BETPAWA
02:00,Atletico San Luis,CF Monterrey,9.25,5.5,1.22,BETPAWA
02:06,CD Guadalajara,Club Leon,1.2,6.25,9.5,BETPAWA
03:00,CF Tigres UANL,Cruz Azul,1.03,9.75,23.0,BETPAWA
04:10,CF Pachuca,Club Tijuana de Caliente,1.41,4.9,5.25,BETPAWA
011:35,Japan,Canada,1.53,4.0,5.5,BETPAWA
12:00,Republic of Korea,Tunisia,1.79,3.45,4.2,BETPAWA
12:35,Vietnam,Uzbekistan,8.75,5.25,1.27,BETPAWA
13:00,CS Dinamo Bucuresti,CS Paulesti,1.23,6.0,8.25,BETPAWA
13:00,FC Pucioasa,SC Popesti Leordeni,2.18,3.45,2.85,BETPAWA
13:00,CSM Avantul Periam,Acb Ineu,1.93,3.7,3.2,BETPAWA
13:00,Hambericho Durame,Saint George SC,8.5,4.8,1.28,BETPAWA
13:00,Latvia U21,Ireland U21,12.0,6.0,1.17,BETPAWA
13:00,ACS Mse Targu Mures,CS Gloria 2018 Bistrita-Nasaud,9.25,6.0,1.21,BETPAWA
13:00,CS Sporting Rosiori 2008,ACS Cozia Calimanesti,1.54,4.1,4.8,BETPAWA
13:00,CS Vedita Colonesti MS,Scm Ramnicu Valcea,1.69,3.7,4.2,BETPAWA
13:00,CSM Avantul Reghin,FC Unirea Alba Iulia,2.3,3.5,2.65,BETPAWA
14:00,Malaysia,India,1.69,3.6,4.6,BETPAWA
14:00,Rks Garbarnia Krakow,Chelmianka Chelm,2.02,3.6,3.05,BETPAWA
14:00,NK Hrvatski Dragovoljac,NK Trnje,2.16,3.35,2.9,BETPAWA
14:00,NK Opatija,NK Krk,1.51,3.85,5.5,BETPAWA
14:00,ND Gorica,Tabor Sezana,1.28,4.9,8.0,BETPAWA
15:00,Greece U21,Croatia U21,3.0,3.25,2.19,BETPAWA
15:00,ASM Oran,RC Kouba,2.02,3.1,3.55,BETPAWA
15:00,GC Mascara,SC Mecheria,1.95,3.2,3.65,BETPAWA
15:00,Portugal U20,Germany U20,2.55,3.15,2.6,BETPAWA
15:00,USM Annaba,CA Batna,2.07,2.9,3.7,BETPAWA
15:00,Nrb Teleghma,Ib Khemis El Khechna,2.65,3.05,2.55,BETPAWA
16:00,Finland U21,Albania U21,1.72,3.7,4.0,BETPAWA
16:00,Fasil Kenema SC,Ethiopian Medhin,2.35,3.05,2.9,BETPAWA
16:00,Iraq,Qatar (n),3.2,3.15,2.19,BETPAWA
17:00,Estonia,Azerbaijan,2.35,3.05,3.35,BETPAWA
17:00,Czech Republic U21,Wales U21,1.48,4.2,5.5,BETPAWA
17:00,Cyprus U21,Slovenia U21,3.9,3.45,1.81,BETPAWA
17:00,Sweden U21,Moldova U21,1.06,9.0,23.0,BETPAWA
17:00,Saudi Arabia,Nigeria (n),3.95,3.45,1.83,BETPAWA
17:00,New Zealand,DR Congo (n),3.65,3.15,2.02,BETPAWA
17:00,ZKS Olimpia Elblag,KKS 1925 Kalisz,2.4,3.05,2.8,BETPAWA
17:00,SK Batov 1930,FC Vsetin,2.3,3.7,2.5,BETPAWA
17:00,South Africa,Eswatini,1.38,4.4,7.5,BETPAWA
17:00,Italy U20,Poland U20,1.55,3.65,5.5,BETPAWA
17:15,Bulgaria U21,Germany U21,8.25,5.25,1.27,BETPAWA
